conversation_id,persona_id,article_id,Title,summary,feedback
0,jc3,1de70599-86d1-4992-962d-cf89026d5f71,Arm is giving Qualcomm the wake-up call it needs,"Summary Agent: Arm, a significant player in processor architecture design, has given Qualcomm a 60-day notice to halt chip production due to alleged breaches of their license agreement. Qualcomm claims the threats are baseless, while Arm accuses Qualcomm of repeated breaches. Although a complete termination is unlikely as both companies rely on their partnership, the tensions stem from Qualcomm's integration of Nuvia's Arm-based chip designs without renegotiating terms. Despite potential repercussions on the industry and consumers if Qualcomm ceases chip production, both sides are expected to ultimately reach an agreement to avert a crisis.","Personalization Agent: The summary provides a good overview of the situation between Arm and Qualcomm, both key players in the technology industry. However, to better align with the user's interests and background, consider enhancing the summary with the following points:

1. **Focus on Electric Vehicles and Tesla:** Since the user has a strong interest in electric vehicles and Tesla, it would be beneficial to emphasize any potential implications of this conflict on the electric vehicle market. Highlighting how this dispute might impact the development and production of electric vehicles, especially those using Arm-based chips, would add relevance for the user.

2. **Artificial Intelligence and Semiconductors:** Given the user's background in Artificial Intelligence and interest in semiconductors, elaborating on the role of processors in powering AI advancements could be valuable. Discussing how the dispute between Arm and Qualcomm could affect advancements in AI technology, particularly related to semiconductor innovations, would provide a deeper insight for the user.

3. **Latest Advancements in Semiconductors:** To cater to the user's interest in the latest advancements in semiconductors, consider including details on how this conflict reflects the competitive landscape in the semiconductor industry. Exploring potential technological implications or advancements arising from this dispute would enhance the user's understanding of current industry dynamics.

By incorporating these additional aspects related to electric vehicles, Tesla, AI, and semiconductor advancements, the summary can better cater to the user's specific interests and expertise in the technology sector."
1,jc3,1de70599-86d1-4992-962d-cf89026d5f71,Arm is giving Qualcomm the wake-up call it needs,"

Background Section: 
Arm Holdings, a British semiconductor and software design company, is renowned for developing the architecture that powers a wide range of electronic devices, including smartphones and tablets. On the other hand, Qualcomm, a significant player in the semiconductor industry, utilizes Arm's designs to manufacture chips for various devices. The relationship between Arm and Qualcomm has faced strain due to alleged breaches of their licensing agreement, leading to a 60-day notice served by Arm to Qualcomm to cease chip production. This conflict has implications on the broader semiconductor industry and could potentially impact the development of technologies such as electric vehicles, AI advancements, and semiconductor innovations.","Personalization Agent: The summary outlines the contentious situation between Arm and Qualcomm, shedding light on the potential disruptions in the semiconductor industry. To better align with the user's interests and expertise, the summary could be enhanced with additional technical details and implications, especially related to electric vehicles, Tesla, and the latest advancements in semiconductors.

1. **Electric Vehicles and Tesla Connection:** Highlight how the conflict between Arm and Qualcomm might impact the development and performance of electric vehicles, especially those powered by Arm-designed chips. Discussing the implications for Tesla, a key player in the electric vehicle market known for its advanced technology, would provide a more specific angle relevant to the user's interests.

2. **AI Tech and Semiconductor Innovations:** Delve deeper into how the dispute between Arm and Qualcomm could influence the advancement of Artificial Intelligence technologies, given the user's background in AI. Provide insights into potential changes in semiconductor innovations and how this conflict may shape future developments in AI-powered applications and devices.

3. **Future Trends in Semiconductors:** Consider adding information on emerging trends in the semiconductor industry, such as the shift towards more efficient and powerful chip designs. Exploring how this conflict reflects the broader trends in semiconductor manufacturing and design could offer the user valuable insights into the evolving landscape of technology.

By incorporating these detailed aspects related to electric vehicles, Tesla's involvement, AI technologies, and future trends in semiconductors, the summary can better cater to the user's specific interests and expertise in technology and AI."
2,jc3,1de70599-86d1-4992-962d-cf89026d5f71,Arm is giving Qualcomm the wake-up call it needs,"Summary Agent: Arm, a significant player in processor architecture design, has given Qualcomm a 60-day notice to halt chip production due to alleged breaches of their license agreement. Qualcomm claims the threats are baseless, while Arm accuses Qualcomm of repeated breaches. Although a complete termination is unlikely as both companies rely on their partnership, the tensions stem from Qualcomm's integration of Nuvia's Arm-based chip designs without renegotiating terms. Despite potential repercussions on the industry and consumers if Qualcomm ceases chip production, both sides are expected to ultimately reach an agreement to avert a crisis.

Background Section: 
Arm Holdings, a British semiconductor and software design company, is renowned for developing the architecture that powers a wide range of electronic devices, including smartphones and tablets. On the other hand, Qualcomm, a significant player in the semiconductor industry, utilizes Arm's designs to manufacture chips for various devices. The relationship between Arm and Qualcomm has faced strain due to alleged breaches of their licensing agreement, leading to a 60-day notice served by Arm to Qualcomm to cease chip production. This conflict has implications on the broader semiconductor industry and could potentially impact the development of technologies such as electric vehicles, AI advancements, and semiconductor innovations.","Background Section: 
Arm Holdings, a British semiconductor and software design company, is renowned for developing the architecture that powers a wide range of electronic devices, including smartphones and tablets. On the other hand, Qualcomm, a significant player in the semiconductor industry, utilizes Arm's designs to manufacture chips for various devices. The relationship between Arm and Qualcomm has faced strain due to alleged breaches of their licensing agreement, leading to a 60-day notice served by Arm to Qualcomm to cease chip production. This conflict has implications on the broader semiconductor industry and could potentially impact the development of technologies such as electric vehicles, AI advancements, and semiconductor innovations."
3,jc3,1de70599-86d1-4992-962d-cf89026d5f71,Arm is giving Qualcomm the wake-up call it needs,"Personalization Agent: The summary outlines the contentious situation between Arm and Qualcomm, shedding light on the potential disruptions in the semiconductor industry. To better align with the user's interests and expertise, consider enhancing the summary with additional technical details and implications, especially related to electric vehicles, Tesla, and the latest advancements in semiconductors.

1. **Electric Vehicles and Tesla Connection:** Highlight how the conflict between Arm and Qualcomm might impact the development and performance of electric vehicles, especially those powered by Arm-designed chips. Discussing the implications for Tesla, a key player in the electric vehicle market known for its advanced technology, would provide a more specific angle relevant to the user's interests.

2. **AI Tech and Semiconductor Innovations:** Delve deeper into how the dispute between Arm and Qualcomm could influence the advancement of Artificial Intelligence technologies, given the user's background in AI. Provide insights into potential changes in semiconductor innovations and how this conflict may shape future developments in AI-powered applications and devices.

3. **Future Trends in Semiconductors:** Consider adding information on emerging trends in the semiconductor industry, such as the shift towards more efficient and powerful chip designs. Exploring how this conflict reflects the broader trends in semiconductor manufacturing and design could offer the user valuable insights into the evolving landscape of technology.

By incorporating these detailed aspects related to electric vehicles, Tesla's involvement, AI technologies, and future trends in semiconductors, the summary can better cater to the user's specific interests and expertise in technology and AI.

Background Section: 
Arm Holdings, a British semiconductor and software design company, is renowned for developing the architecture that powers a wide range of electronic devices, including smartphones and tablets. On the other hand, Qualcomm, a significant player in the semiconductor industry, utilizes Arm's designs to manufacture chips for various devices. The relationship between Arm and Qualcomm has faced strain due to alleged breaches of their licensing agreement, leading to a 60-day notice served by Arm to Qualcomm to cease chip production. This conflict has implications on the broader semiconductor industry and could potentially impact the development of technologies such as electric vehicles, AI advancements, and semiconductor innovations.",
